filename,width,height,class,xmin,ymin,xmax,ymax
silvana-carlos-g9xzTy9qPP0-unsplash_jpg.rf.0449c1d9879b0da6e01e60712cb960f5.jpg,640,640,hair,256,112,434,219
mahmud-ahsan-Ww88htWXut0-unsplash_jpg.rf.02f53eb3e6f776b2d7177d652224e403.jpg,640,640,hair,140,124,228,218
1millidollars-ThWUsSYWCfY-unsplash_jpg.rf.0438dcd560f49603a2b78c50d867e77f.jpg,640,640,hair,332,16,494,147
amit-gaur-liTIbfjai6Q-unsplash_jpg.rf.046b65f16fc32dfcf9382dcdc852a7e5.jpg,640,640,hair,264,106,400,303
pexels-norbert-kundrak-1752467_jpg.rf.0938a1ba5814e803d97223fcc805aab7.jpg,640,640,hair,180,0,418,268
melanie-rosillo-galvan-XtCIQpjuUy4-unsplash_jpg.rf.047546b2e3b76c590cdefb35d7654ff1.jpg,640,640,hair,188,137,295,330
melanie-rosillo-galvan-XtCIQpjuUy4-unsplash_jpg.rf.047546b2e3b76c590cdefb35d7654ff1.jpg,640,640,hair,151,339,177,405
melanie-rosillo-galvan-XtCIQpjuUy4-unsplash_jpg.rf.047546b2e3b76c590cdefb35d7654ff1.jpg,640,640,hair,312,110,407,248
pexels-meijii-2014854_jpg.rf.09a5a7777e5283b5f8790e6479b7d1e5.jpg,640,640,hair,212,30,497,285
woman-4506318_jpg.rf.098b78263872e2ae9a3260bd17345d35.jpg,640,640,hair,236,0,562,420
pexels-min-an-692661_jpg.rf.0c143570a59e1cdebd4d67b6235f7496.jpg,640,640,hair,211,11,640,618
family-838239_jpg.rf.0b3ce86575590649f0a6061a2d9d4371.jpg,640,640,hair,186,198,296,266
family-838239_jpg.rf.0b3ce86575590649f0a6061a2d9d4371.jpg,640,640,hair,264,170,409,303
family-838239_jpg.rf.0b3ce86575590649f0a6061a2d9d4371.jpg,640,640,hair,380,160,529,286
family-838239_jpg.rf.0b3ce86575590649f0a6061a2d9d4371.jpg,640,640,hair,143,305,199,339
farol-106-k5BIJqbCgT0-unsplash_jpg.rf.0b18c2e34086f809624779dde31e1271.jpg,640,640,hair,221,192,455,363
lorin-both-vU5r_zo1vnY-unsplash_jpg.rf.0c71ce33e603edf0c80b3a73ced1b84f.jpg,640,640,hair,402,326,456,364
ave-calvar-eA54mbnLhw8-unsplash_jpg.rf.134041cd0b5de8ed733fc1e352e7345a.jpg,640,640,hair,216,0,522,123
jayson-hinrichsen-x8v7m1QxQ0g-unsplash_jpg.rf.0f7abe1b7e8610680d174c3a8efa12cf.jpg,640,640,hair,274,295,326,322
pexels-yaroslava-borz-10057618_jpg.rf.0dec5f98e750e45985fec615adfab955.jpg,640,640,hair,240,178,444,325
pexels-eliza-lensa-3250628_jpg.rf.1d5e999e310f6afac342d70981fb27a5.jpg,640,640,hair,153,77,489,333
pexels-elina-fairytale-4008797_jpg.rf.1b0ed03f7d86d2274431d56f10264183.jpg,640,640,hair,230,188,330,243
pexels-elina-fairytale-4008797_jpg.rf.1b0ed03f7d86d2274431d56f10264183.jpg,640,640,hair,445,71,563,148
christian-buehner-QLcxFso3gLk-unsplash_jpg.rf.14c044de2766ea0a7b12446cf1730880.jpg,640,640,hair,242,47,430,132
boy-1261760_jpg.rf.1e39a9e9e875e1f07c8b478cd0598794.jpg,640,640,hair,335,95,567,338
pexels-inna-mykytas-15854450_jpg.rf.1d380d0313e5a843c1bcc98cc35159b6.jpg,640,640,hair,0,201,581,640
wade-austin-ellis-_mTWj51j_k4-unsplash_jpg.rf.209636cbaf19fc1d5d985fde5d21830c.jpg,640,640,hair,294,206,346,256
pxfuel-5-_jpg.rf.1fa8fc68fbd7f00fe143813cbda48a58.jpg,640,640,hair,265,84,372,147
girl-hair-cute-portrait-model-young-518495-pxhere-com_jpg.rf.1f73a17cabbf4072c28cbc5da0d28d78.jpg,640,640,hair,268,176,415,640
girl-hair-cute-portrait-model-young-518495-pxhere-com_jpg.rf.1f73a17cabbf4072c28cbc5da0d28d78.jpg,640,640,hair,0,212,137,640
manoj-sharma-gzq-3pKrzYM-unsplash_jpg.rf.211fc0c2ad2285410562a839aaca5659.jpg,640,640,hair,254,174,355,294
ryan-gagnon-VRgu2sujRMI-unsplash_jpg.rf.23c2f268ac8aa1dedbb41a7df15ddd14.jpg,640,640,hair,134,39,432,167
fashion-4070479_jpg.rf.21d997cb48857307bf8b2f2a37261810.jpg,640,640,hair,220,42,410,258
pexels-artem-podrez-6951993_jpg.rf.27f8978129906508f5252201f544a5d8.jpg,640,640,hair,97,0,579,208
pexels-elina-fairytale-4543720_jpg.rf.21f845a6a811c239d516964417609c0b.jpg,640,640,hair,99,112,298,244
pexels-elina-fairytale-4543720_jpg.rf.21f845a6a811c239d516964417609c0b.jpg,640,640,hair,270,36,439,171
pexels-elina-fairytale-4543720_jpg.rf.21f845a6a811c239d516964417609c0b.jpg,640,640,hair,434,83,602,192
aslam-hasib-Jxx1Uv0DxfI-unsplash_jpg.rf.2ba467917f7deed015323d26b71ebcb5.jpg,640,640,hair,168,17,409,232
young-1101637_jpg.rf.27eb2eea850e2bbcbd9487a537c8b2ef.jpg,640,640,hair,115,16,615,259
pexels-unique-click-by-sonam-singh-3180743_jpg.rf.24a1543fe2117323559c4c15a19c4706.jpg,640,640,hair,223,117,541,277
pexels-thais-sarmento-2066039_jpg.rf.30c0da74630866c3c28024c11dc1ab2c.jpg,640,640,hair,0,27,597,640
pexels-dobromir-dobrev-3964562_jpg.rf.2f43a621881b2b9e796f369cd2754ccb.jpg,640,640,hair,186,137,441,274
pexels-mustafizur-rahman-1306497_jpg.rf.301cf62c1d4a8f78fca17ff2d341c813.jpg,640,640,hair,244,20,391,195
model-5992055_jpg.rf.315ceb5f34d391b7d16eddf12989e1b1.jpg,640,640,hair,160,74,425,268
kids-4305233_jpg.rf.3414689ebc4628441fb7c0db5a9bc6f4.jpg,640,640,hair,353,405,440,468
kids-4305233_jpg.rf.3414689ebc4628441fb7c0db5a9bc6f4.jpg,640,640,hair,365,459,386,472
kelli-mcclintock-vMA9BZuISec-unsplash_jpg.rf.32f020c371b998ae00ed553bf9c1ce6d.jpg,640,640,hair,328,251,408,307
man-in-subway-station_jpg.rf.325202038e7933b89e216f262496242f.jpg,640,640,hair,130,87,305,388
man-in-subway-station_jpg.rf.325202038e7933b89e216f262496242f.jpg,640,640,hair,201,88,309,164
derek-owens-WRLaQAABNrg-unsplash_jpg.rf.317c5a7f4f0b087ef77be3e05516fea5.jpg,640,640,hair,224,47,434,318
beautiful-1039725_jpg.rf.348930192be80fea8630f7078269a6f7.jpg,640,640,hair,0,101,375,516
daniil-onischenko-PBpEDzR7GoE-unsplash_jpg.rf.356cf4e01f7a4c79bb34f895ae60427f.jpg,640,640,hair,145,47,534,226
hillaryperalta-dtgSAJVSqv8-unsplash_jpg.rf.34d55110ffe4a9818271432010fd9223.jpg,640,640,hair,41,171,287,354
hillaryperalta-dtgSAJVSqv8-unsplash_jpg.rf.34d55110ffe4a9818271432010fd9223.jpg,640,640,hair,305,103,487,215
hillaryperalta-dtgSAJVSqv8-unsplash_jpg.rf.34d55110ffe4a9818271432010fd9223.jpg,640,640,hair,232,302,272,358
portrait-3657953_jpg.rf.358095acf8672065c40408221d427c3e.jpg,640,640,hair,191,29,566,611
pexels-min-an-692661_jpg.rf.372440e2f0fc33c6836fb6289819e794.jpg,640,640,hair,228,33,640,603
pexels-didem-kalayci-3009439_jpg.rf.36f24298993500b2ee490e70a06e5318.jpg,640,640,hair,171,98,468,310
baby-2970583_jpg.rf.36de212bec57f0f529ee93be9a505aba.jpg,640,640,hair,143,127,252,291
pexels-kyle-miller-15990474_jpg.rf.37bffb839e5729734030a308b1682421.jpg,640,640,hair,0,332,640,640
pexels-enes-karahasan-15317511_jpg.rf.3a84c8da3d70ce1a8b454c5f5f2dd241.jpg,640,640,hair,231,119,384,195
couple-3852277_jpg.rf.3d1ba721cab9afdb854f956ddb65524e.jpg,640,640,hair,293,146,329,218
couple-3852277_jpg.rf.3d1ba721cab9afdb854f956ddb65524e.jpg,640,640,hair,227,170,287,258
couple-3852277_jpg.rf.3d1ba721cab9afdb854f956ddb65524e.jpg,640,640,hair,185,94,305,254
couple-3852277_jpg.rf.3d1ba721cab9afdb854f956ddb65524e.jpg,640,640,hair,317,217,340,270
couple-3852277_jpg.rf.3d1ba721cab9afdb854f956ddb65524e.jpg,640,640,hair,324,78,479,287
couple-3852277_jpg.rf.3d1ba721cab9afdb854f956ddb65524e.jpg,640,640,hair,308,200,339,281
couple-3852277_jpg.rf.3d1ba721cab9afdb854f956ddb65524e.jpg,640,640,hair,423,253,443,267
casual-urban-menswear_jpg.rf.3de1b1f418693524daecbab8aac4daa9.jpg,640,640,hair,189,42,341,123
grandpa-and-grandchildren-56955_jpg.rf.3ccb6908a63aeced2b21345dd07ac322.jpg,640,640,hair,80,136,282,310
grandpa-and-grandchildren-56955_jpg.rf.3ccb6908a63aeced2b21345dd07ac322.jpg,640,640,hair,360,54,584,400
pexels-mikhail-nilov-7780759_jpg.rf.40de9b88a4dc812decba1208b34e3f7c.jpg,640,640,hair,133,3,410,166
kids-4107886_jpg.rf.4210bbfb7751256f8d492ee1977ef413.jpg,640,640,hair,197,32,315,193
kids-4107886_jpg.rf.4210bbfb7751256f8d492ee1977ef413.jpg,640,640,hair,313,111,436,268
woman-5626979_jpg.rf.41d22e9dc6c5e01a00f1fda26df8e307.jpg,640,640,hair,95,20,337,464
pexels-raul-reynoso-1578531_jpg.rf.42c388ea669f02159946cda5189730a4.jpg,640,640,hair,84,37,456,217
pexels-anastasiya-gepp-2065203_jpg.rf.418cdaf9fba1b0066fdd02aef6a21ec6.jpg,640,640,hair,248,252,324,315
pexels-anastasiya-gepp-2065203_jpg.rf.418cdaf9fba1b0066fdd02aef6a21ec6.jpg,640,640,hair,105,0,640,374
pexels-atahan-demir-15555782_jpg.rf.44599e76197a4304fdece34547233a05.jpg,640,640,hair,217,106,379,189
pexels-pixabay-219582_jpg.rf.44d8b5fd0d18b071033ab0668879b6cb.jpg,640,640,hair,162,50,516,308
du-wei-NUWn-YAXErU-unsplash_jpg.rf.422e35f48aa9adb4fb611b9aab2c18bb.jpg,640,640,hair,449,263,484,318
du-wei-NUWn-YAXErU-unsplash_jpg.rf.422e35f48aa9adb4fb611b9aab2c18bb.jpg,640,640,hair,360,274,411,331
du-wei-NUWn-YAXErU-unsplash_jpg.rf.422e35f48aa9adb4fb611b9aab2c18bb.jpg,640,640,hair,438,255,446,264
man-7881077_jpg.rf.458872505d2201c63962c5f1383b2987.jpg,640,640,hair,159,131,386,307
man-7881077_jpg.rf.458872505d2201c63962c5f1383b2987.jpg,640,640,hair,207,111,302,148
male-man-person-people-sea-beach-1660950-pxhere-com_jpg.rf.4ba8f00c33039cc5d487e6956e822c80.jpg,640,640,hair,264,90,386,172
pexels-miriam-alonso-7585808_jpg.rf.49c355b425e1e1595f506159c996b6fc.jpg,640,640,hair,108,62,478,338
piotr-chrobot-x2byGrIsQYg-unsplash_jpg.rf.4aa4acda96ac9321af509bff247d312f.jpg,640,640,hair,331,210,581,640
pexels-tuan-pm-11291431_jpg.rf.4c7dd9ad64c18dbd2bc9d0ed54ac64d5.jpg,640,640,hair,272,152,367,239
thai-an-MS7AZ4A9Gxk-unsplash_jpg.rf.4e15aef3f7714a4123882b6b8046e5e2.jpg,640,640,hair,261,71,384,197
textile-7409675_jpg.rf.4c4ca4e51e54065b882e793ed32c6f95.jpg,640,640,hair,201,20,541,269
kids-4109124_jpg.rf.4d85e9540d43d0e267cb4bd17a0ee28f.jpg,640,640,hair,131,175,307,301
kids-4109124_jpg.rf.4d85e9540d43d0e267cb4bd17a0ee28f.jpg,640,640,hair,307,195,432,284
man-3803551_jpg.rf.542a7d45e2c768266e0b1686ed509fa1.jpg,640,640,hair,250,57,371,204
habib-dadkhah-cofpB5_qRZ8-unsplash_jpg.rf.525c3c21fa7f823fad814178755a9e6c.jpg,640,640,hair,135,1,587,443
pexels-luna-lovegood-1104007_jpg.rf.4fcb5912a7f7102184199005b68e0760.jpg,640,640,hair,276,131,404,194
tommao-wang-eqIVuqv6EFc-unsplash_jpg.rf.5281a37c1d485f8dcce9fd3ede7fa173.jpg,640,640,hair,254,209,444,319
tommao-wang-eqIVuqv6EFc-unsplash_jpg.rf.5281a37c1d485f8dcce9fd3ede7fa173.jpg,640,640,hair,287,321,299,350
tommao-wang-eqIVuqv6EFc-unsplash_jpg.rf.5281a37c1d485f8dcce9fd3ede7fa173.jpg,640,640,hair,397,315,410,346
vincent-chen-xLz2hg8TaT0-unsplash_jpg.rf.59fb0bcd58d80381f46e9e07792c5499.jpg,640,640,hair,241,245,379,351
vincent-chen-xLz2hg8TaT0-unsplash_jpg.rf.59fb0bcd58d80381f46e9e07792c5499.jpg,640,640,hair,268,335,281,352
family-1404825_jpg.rf.56718b10d969fd946edbea6ec8444637.jpg,640,640,hair,0,121,273,556
family-1404825_jpg.rf.56718b10d969fd946edbea6ec8444637.jpg,640,640,hair,286,236,456,346
family-1404825_jpg.rf.56718b10d969fd946edbea6ec8444637.jpg,640,640,hair,217,0,515,136
juan-encalada-7E-hgv51mqI-unsplash_jpg.rf.5b7dbb666d159ed2f3a74039674698e8.jpg,640,640,hair,161,73,420,200
youth-5200715_jpg.rf.5b711cebac9f9e9c1f7ed8084d8a0b35.jpg,640,640,hair,154,8,533,311
pexels-pnw-production-7328284-1-_jpg.rf.5cfea34c4b833e867fefa1a2102d72da.jpg,640,640,hair,195,94,445,465
pexels-pnw-production-7328284-1-_jpg.rf.5cfea34c4b833e867fefa1a2102d72da.jpg,640,640,hair,203,256,204,256
gabriel-tovar-q4Kt0nP9GtM-unsplash_jpg.rf.61278b4b6cd4070df6492e04af5365e9.jpg,640,640,hair,192,30,344,104
hand-landscape-nature-outdoor-black-and-white-girl-603661-pxhere-com_jpg.rf.5fde8cc6bd08b5b0d9cffef53186cf0d.jpg,640,640,hair,264,182,318,307
hand-landscape-nature-outdoor-black-and-white-girl-603661-pxhere-com_jpg.rf.5fde8cc6bd08b5b0d9cffef53186cf0d.jpg,640,640,hair,338,82,460,438
fathers-day-5469310_jpg.rf.6462e0685dc168b8f0f7f7631e62857d.jpg,640,640,hair,245,46,560,234
fathers-day-5469310_jpg.rf.6462e0685dc168b8f0f7f7631e62857d.jpg,640,640,hair,473,333,566,449
baby-7318667_jpg.rf.5d063c1800cfeb02f8f2218d7804bb19.jpg,640,640,hair,172,183,331,287
baby-7318667_jpg.rf.5d063c1800cfeb02f8f2218d7804bb19.jpg,640,640,hair,324,175,588,362
man-talking-on-cellphone-2-_jpg.rf.64e29dca90067824f851b3b5a947a540.jpg,640,640,hair,68,9,307,324
girl-1307420_jpg.rf.65cdea9522483c602f2853ece361ae8a.jpg,640,640,hair,233,13,443,294
pexels-cottonbro-studio-6638703_jpg.rf.62e2c67a241e37ad8dfb03aa4945bdfb.jpg,640,640,hair,146,13,488,224
pexels-ogo-1661502_jpg.rf.662ce506842fdf8cf82ea06a05c1f2f9.jpg,640,640,hair,13,241,292,514
pexels-erich-naufal-8115081_jpg.rf.68e3ae137bedc7d12efb6adcb7bb55c4.jpg,640,640,hair,44,118,377,438
pexels-ogo-1469582_jpg.rf.68667c99dfce8b8d4e54f5bd18c00ce8.jpg,640,640,hair,264,25,351,102
child-1566470_jpg.rf.6692f58d0cb3693c7332fcc56517a13b.jpg,640,640,hair,161,0,323,295
man-looks-at-his-laptop-and-types_jpg.rf.697f66dd185f23d4b544842aca293c1f.jpg,640,640,hair,175,13,453,125
man-looks-at-his-laptop-and-types_jpg.rf.697f66dd185f23d4b544842aca293c1f.jpg,640,640,hair,413,124,431,137
fashion-4359261_jpg.rf.69e03287fbd22d2a8522e6b6b65bba71.jpg,640,640,hair,101,0,321,133
pexels-ralph-rabago-3214769_jpg.rf.6d0603f2bb757f50b0c8f6634c3525ff.jpg,640,640,hair,267,96,397,161
pexels-kindel-media-7849961_jpg.rf.6dd97443ab885f9f98e107ba1b56cbe2.jpg,640,640,hair,222,151,441,222
handsome-3370882_jpg.rf.6e185405862a9afb7c28230235559e76.jpg,640,640,hair,201,41,386,138
pexels-matthew-twin-16511070_jpg.rf.6e3c2e8a8db634c32421f9dc031e87b2.jpg,640,640,hair,172,89,397,300
pexels-dominika-roseclay-1172784_jpg.rf.6f055e9e0c72c1d24913c88bf1228e38.jpg,640,640,hair,128,77,499,410
pexels-mikhail-nilov-7683030_jpg.rf.6de5f586211aa46c96e3b17c2c5201f3.jpg,640,640,hair,256,245,497,518
fashionable-man-in-hat_jpg.rf.761f71589659b2b835e1386bf3aa58eb.jpg,640,640,hair,337,199,474,343
rene-porter-bfwPjuEorVI-unsplash_jpg.rf.700ae7ea8a1ad1d65069530a8ed78cfc.jpg,640,640,hair,191,150,639,579
getty-images-WzzUDpW-QZM-unsplash_jpg.rf.7490ba5bf70f55f6d295add087abd209.jpg,640,640,hair,346,159,443,292
man-in-leather-graffiti-bricks_jpeg.rf.740e7bbfc67e9592ee8d410447a70f82.jpg,640,640,hair,182,0,382,206
yuzki-wang-Y0E7DrSnokk-unsplash_jpg.rf.7b022660629514f27e1e86246809472d.jpg,640,640,hair,347,271,418,321
pxfuel-3-_jpg.rf.7d38e1379565c4ef5be8664d30b59079.jpg,640,640,hair,397,199,423,255
pxfuel-3-_jpg.rf.7d38e1379565c4ef5be8664d30b59079.jpg,640,640,hair,187,32,432,195
pxfuel-3-_jpg.rf.7d38e1379565c4ef5be8664d30b59079.jpg,640,640,hair,417,182,436,203
pexels-liliana-drew-8501684_jpg.rf.76bf914eab2182e1bb5bf95bab9095e6.jpg,640,640,hair,301,70,530,212
bailey-alexander-x3x6yWSBCjU-unsplash_jpg.rf.7b2ac2787fab5e61ec08791f41376db2.jpg,640,640,hair,213,170,352,271
bailey-alexander-x3x6yWSBCjU-unsplash_jpg.rf.7b2ac2787fab5e61ec08791f41376db2.jpg,640,640,hair,0,104,164,325
portrait-of-men-in-festive-suits_jpg.rf.7e70a49637a84a4443018296e89047f5.jpg,640,640,hair,196,112,262,205
portrait-of-men-in-festive-suits_jpg.rf.7e70a49637a84a4443018296e89047f5.jpg,640,640,hair,345,75,406,163
pexels-eman-genatilan-11690209_jpg.rf.80a0b6ac9083086c2abeae015883a75c.jpg,640,640,hair,231,100,369,163
nate-sagrada-_Jj7dE-hz_Q-unsplash_jpg.rf.7f9b396170c122a1c555280fa7b4e8a0.jpg,640,640,hair,228,114,526,274
pexels-nathan-cowley-1300402_jpg.rf.8088513528583eb2caf28b015dc57c60.jpg,640,640,hair,152,0,364,248
graffiti-7970165_jpg.rf.828d864e6b2157879ed3e2db25a49e87.jpg,640,640,hair,273,157,468,566
family-1404827_jpg.rf.82149e49eea6002ee364309ee712f22f.jpg,640,640,hair,8,227,224,471
family-1404827_jpg.rf.82149e49eea6002ee364309ee712f22f.jpg,640,640,hair,205,212,357,274
family-1404827_jpg.rf.82149e49eea6002ee364309ee712f22f.jpg,640,640,hair,310,26,453,116
woman-hat-fashion-clothing-ear-blonde-1167943-pxhere-com_jpg.rf.832e5139d131cc76a6a04759380a94fc.jpg,640,640,hair,480,95,602,414
woman-hat-fashion-clothing-ear-blonde-1167943-pxhere-com_jpg.rf.832e5139d131cc76a6a04759380a94fc.jpg,640,640,hair,165,124,363,640
woman-hat-fashion-clothing-ear-blonde-1167943-pxhere-com_jpg.rf.832e5139d131cc76a6a04759380a94fc.jpg,640,640,hair,445,72,530,105
alex-gorin-T2ELHudlTYc-unsplash_jpg.rf.844048f3286e9e6356271ee3131a2c14.jpg,640,640,hair,268,133,396,313
